size,time
960,0.0543461
1920,0.389878
3000,3.68294
3840,38.0079

