size,time
1000,0.421923
2000,2.68526
3000,14.0879
4000,40.7265