nproc,runtime,speedup
1,375.085,1
4,50.8301,7.3791906764
9,29.5534,12.6917715051
16,25.3281,14.8090460793
