nproc,runtime,speedup
1,124.211,1
4,31.8518,3.8996540227
9,17.3289,7.1678525469
16,19.1155,6.4979205357
