nproc,runtime,speedup
1,401.804,1
4,89.3776,4.4955783104
9,40.5338,9.9128135038
16,29.7257,13.5170576303
